City_ID,City,Country,Lat,Lng,Max Temp,Humidity,Cloudiness,Wind Speed,Current Description
0,Soyo,AO,-6.1349,12.3689,78.49,87,100,10.04,overcast clouds
1,Kaitangata,NZ,-46.2817,169.8464,51.22,57,100,6.6,overcast clouds
2,Meadow Lake,US,34.8014,-106.5436,47.68,40,32,1.92,scattered clouds
3,Busselton,AU,-33.65,115.3333,80.15,40,100,5.46,overcast clouds
4,Mataura,NZ,-46.1927,168.8643,57.78,44,100,4.88,overcast clouds
5,Albany,US,42.6001,-73.9662,32.41,84,100,16.37,light snow
6,Nanortalik,GL,60.1432,-45.2371,43.84,96,100,12.91,overcast clouds
7,Atuona,PF,-9.8,-139.0333,78.69,77,17,17.83,few clouds
8,Nome,US,64.5011,-165.4064,-0.33,60,90,9.22,overcast clouds
9,Castro,BR,-24.7911,-50.0119,60.03,88,3,3.18,clear sky
10,Bethel,US,41.3712,-73.414,39.56,48,75,6.91,broken clouds
11,Arman,RU,59.7,150.1667,0.91,75,2,6.42,clear sky
12,Nchelenge,ZM,-9.3451,28.734,66.07,94,87,7.09,light rain
13,Rikitea,PF,-23.1203,-134.9692,76.33,74,100,13.98,overcast clouds
14,Khor,RU,47.8861,134.9464,15.71,90,69,9.15,broken clouds
15,Puerto Ayora,EC,-0.7393,-90.3518,69.76,80,95,9.89,overcast clouds
16,Ozernovskiy,RU,51.5,156.5167,34.79,85,15,6.78,few clouds
17,Scurtu Mare,RO,44.35,25.2667,35.08,87,47,6.44,scattered clouds
18,Gornopravdinsk,RU,60.05,69.9,20.44,95,100,9.93,light snow
19,Upernavik,GL,72.7868,-56.1549,18.25,83,100,10.0,overcast clouds
20,Iqaluit,CA,63.7506,-68.5145,19.13,63,40,17.27,scattered clouds
21,Saskylakh,RU,71.9167,114.0833,-16.04,97,84,6.11,broken clouds
22,Port Alfred,ZA,-33.5906,26.891,65.44,80,79,34.0,broken clouds
23,Carnarvon,AU,-24.8667,113.6333,98.67,13,0,17.27,clear sky
24,Ponto Novo,BR,-10.8628,-40.1336,72.91,74,82,2.55,broken clouds
25,Abu Kamal,SY,34.4506,40.9171,58.46,59,1,7.74,clear sky
26,Maragogi,BR,-9.0122,-35.2225,77.94,83,15,9.37,few clouds
27,Xacmaz,AZ,41.4635,48.806,43.54,75,6,2.93,clear sky
28,Hobart,AU,-42.8794,147.3294,60.66,48,20,5.75,few clouds
29,Nikolskoye,RU,59.7035,30.7861,28.29,84,100,4.29,overcast clouds
30,Chistogorskiy,RU,53.9835,87.3843,13.62,89,100,9.08,overcast clouds
31,Barrow,US,71.2906,-156.7887,-12.98,77,20,8.05,haze
32,Constitucion,CL,-35.3333,-72.4167,51.6,86,1,9.42,clear sky
33,Nuqui,CO,5.7125,-77.2708,75.38,91,97,3.83,overcast clouds
34,Jamestown,US,42.097,-79.2353,31.59,80,90,20.71,light snow
35,Flin Flon,CA,54.7682,-101.865,21.58,96,100,4.63,overcast clouds
36,Kapaa,US,22.0752,-159.319,82.38,50,1,11.5,clear sky
37,Imeni Poliny Osipenko,RU,52.4201,136.4853,13.78,92,74,6.64,broken clouds
38,Ribeira Grande,PT,38.5167,-28.7,63.27,68,41,15.41,scattered clouds
39,Saint-Philippe,RE,-21.3585,55.7679,74.79,86,44,7.76,scattered clouds
40,Buala,SB,-8.145,159.5921,84.51,70,78,4.07,light rain
41,Dikson,RU,73.5069,80.5464,-9.09,99,100,9.01,overcast clouds
42,Ushuaia,AR,-54.8,-68.3,42.46,87,75,26.46,light intensity drizzle
43,Severo-Kurilsk,RU,50.6789,156.125,34.41,93,100,9.44,light rain
44,Capim Grosso,BR,-11.3811,-40.0128,72.63,73,100,6.4,overcast clouds
45,Santa Rosa,PH,14.3122,121.1114,82.38,73,100,13.82,overcast clouds
46,Qaanaaq,GL,77.484,-69.3632,10.09,96,100,4.0,light snow
47,Katsuura,JP,35.1333,140.3,53.71,48,100,9.01,overcast clouds
48,Mount Gambier,AU,-37.8333,140.7667,66.11,45,75,16.11,broken clouds
49,Thompson,CA,55.7435,-97.8558,15.96,92,90,3.44,light snow
50,Bluff,NZ,-46.6,168.3333,52.2,51,100,12.44,overcast clouds
51,Tuatapere,NZ,-46.1333,167.6833,57.69,47,100,7.85,overcast clouds
52,Cape Town,ZA,-33.9258,18.4232,63.01,82,75,18.41,broken clouds
53,Okhotsk,RU,59.3833,143.3,-1.48,77,9,10.74,clear sky
54,Fuerte Olimpo,PY,-21.0415,-57.8738,77.04,89,37,2.95,scattered clouds
55,Punta Arenas,CL,-53.15,-70.9167,42.26,82,60,10.33,broken clouds
56,Arraial Do Cabo,BR,-22.9661,-42.0278,71.69,95,100,22.57,overcast clouds
57,Narsaq,GL,60.9167,-46.05,37.62,99,100,7.34,light rain
58,Georgetown,MY,5.4112,100.3354,82.33,83,20,3.44,few clouds
59,Ponta Do Sol,PT,32.6667,-17.1,63.23,73,83,7.34,broken clouds
60,Byron Bay,AU,-28.65,153.6167,77.11,77,99,15.35,overcast clouds
61,Andenes,NO,69.3143,16.1194,12.18,79,73,4.61,light snow
62,Vaini,TO,-21.2,-175.2,86.16,79,75,5.75,light rain
63,Igualada,ES,41.581,1.6172,43.43,90,45,6.58,scattered clouds
64,Monrovia,LR,6.3005,-10.7969,79.25,82,25,6.58,scattered clouds
65,Geraldton,AU,-28.7667,114.6,97.21,11,0,19.57,clear sky
66,Westport,US,41.1415,-73.3579,40.96,56,90,19.57,overcast clouds
67,Yellowknife,CA,62.456,-114.3525,14.52,100,90,11.5,light snow
68,Torbay,CA,47.6666,-52.7314,43.57,100,90,3.44,fog
69,Hillsborough,US,37.5741,-122.3794,61.92,59,75,16.11,broken clouds
70,San Patricio,US,28.017,-97.5169,60.66,52,100,5.08,overcast clouds
71,Chokurdakh,RU,70.6333,147.9167,-32.1,100,93,2.89,overcast clouds
72,Beziers,FR,43.3476,3.219,42.28,81,0,12.66,clear sky
73,Mezen,RU,65.8522,44.24,13.05,95,100,4.65,overcast clouds
74,Kruisfontein,ZA,-34.0033,24.7314,60.58,82,100,14.27,overcast clouds
75,Longyearbyen,SJ,78.2186,15.6401,3.04,72,75,5.75,light snow
76,Butaritari,KI,3.0707,172.7902,82.72,74,88,17.38,overcast clouds
77,Guerrero Negro,MX,27.9769,-114.0611,66.45,64,0,10.56,clear sky
78,Talnakh,RU,69.4865,88.3972,2.44,94,100,12.39,overcast clouds
79,Beringovskiy,RU,63.05,179.3167,0.88,96,99,10.67,overcast clouds
80,Flinders,AU,-34.5833,150.8552,58.28,88,100,18.07,light rain
81,Tiszasuly,HU,47.3833,20.4,33.82,86,99,10.92,overcast clouds
82,San Cristobal,VE,7.7669,-72.225,69.98,98,97,1.39,overcast clouds
83,Bredasdorp,ZA,-34.5322,20.0403,62.85,92,99,9.22,moderate rain
84,Bowen,AU,-20.0167,148.2333,86.22,67,98,9.73,light rain
85,Tiksi,RU,71.6872,128.8694,0.03,93,100,5.35,overcast clouds
86,Cherskiy,RU,68.75,161.3,-35.57,98,21,3.89,few clouds
87,Cabo San Lucas,MX,22.8909,-109.9124,74.86,65,100,8.16,overcast clouds
88,Oktyabrskoye,RU,43.0645,44.7417,23.14,93,0,2.24,fog
89,Chuy,UY,-33.6971,-53.4616,65.97,91,21,12.21,few clouds
90,Portsmouth,GB,50.799,-1.0913,40.51,88,96,31.9,light rain
91,Saint George,US,37.1041,-113.5841,54.19,17,1,0.0,clear sky
92,Sikeston,US,36.8767,-89.5879,37.4,80,1,4.61,clear sky
93,Sakakah,SA,29.9697,40.2064,54.97,49,17,2.68,few clouds
94,Humaita,BR,-7.5061,-63.0208,74.82,97,100,1.92,overcast clouds
95,Parana,AR,-31.732,-60.5238,70.21,52,0,6.78,clear sky
96,Fortuna,US,40.5982,-124.1573,52.14,81,1,0.0,clear sky
97,Dzilam Gonzalez,MX,21.2833,-88.9333,70.48,89,38,4.92,scattered clouds
98,Knysna,ZA,-34.0363,23.0471,59.38,86,96,9.42,overcast clouds
99,Angoche,MZ,-16.2325,39.9086,77.52,65,100,17.45,overcast clouds
100,Faanui,PF,-16.4833,-151.75,81.61,74,12,17.78,few clouds
101,Rio Claro,BR,-22.4114,-47.5614,69.62,90,26,6.93,scattered clouds
102,Klaksvik,FO,62.2266,-6.589,32.92,64,100,35.48,light snow
103,Rio Brilhante,BR,-21.8019,-54.5464,74.97,78,0,6.46,clear sky
104,Los Llanos De Aridane,ES,28.6585,-17.9182,58.75,67,20,11.5,few clouds
105,Villarrica,PY,-25.75,-56.4333,65.44,84,0,2.89,clear sky
106,Necochea,AR,-38.5473,-58.7368,53.89,92,0,11.45,clear sky
107,Nyurba,RU,63.2842,118.3319,5.45,93,100,10.31,overcast clouds
108,Altay,CN,47.8667,88.1167,5.85,74,70,7.27,broken clouds
109,Khandyga,RU,62.6667,135.6,-7.73,78,68,3.8,broken clouds
110,Leningradskiy,RU,69.3833,178.4167,-24.23,96,14,4.94,few clouds
111,Milicz,PL,51.5277,17.2714,32.13,98,100,3.44,overcast clouds
112,Port Hardy,CA,50.6996,-127.4199,42.8,93,75,2.3,broken clouds
113,Emba,KZ,48.8264,58.1442,14.7,84,74,5.41,broken clouds
114,Hilo,US,19.7297,-155.09,75.06,69,37,4.72,scattered clouds
115,Lebu,CL,-37.6167,-73.65,52.95,82,8,13.33,clear sky
116,Ballina,AU,-28.8667,153.5667,77.18,78,90,17.27,overcast clouds
117,Hithadhoo,MV,-0.6,73.0833,81.07,70,69,13.11,broken clouds
118,Bandarbeyla,SO,9.4942,50.8122,77.59,85,95,10.09,overcast clouds
119,Benghazi,LY,32.1167,20.0667,67.24,57,95,3.58,overcast clouds
120,Santander Jimenez,MX,24.2167,-98.4667,58.8,61,100,3.67,overcast clouds
121,Laranjeiras Do Sul,BR,-25.4078,-52.4161,57.16,97,9,3.71,light rain
122,Erenhot,CN,43.6475,111.9767,29.53,62,0,10.63,clear sky
123,Hermanus,ZA,-34.4187,19.2345,62.67,85,97,12.3,moderate rain
124,Olinda,BR,-8.0089,-34.8553,82.13,74,75,10.36,broken clouds
125,Kidal,ML,18.4411,1.4078,75.83,27,82,9.51,broken clouds
126,Dobrusevo,MK,41.1686,21.4825,42.19,88,4,6.82,clear sky
127,Clyde River,CA,70.4692,-68.5914,-0.17,85,83,5.75,broken clouds
128,Pangnirtung,CA,66.1451,-65.7125,11.98,67,100,6.91,overcast clouds
129,Saldanha,ZA,-33.0117,17.9442,60.85,90,47,14.76,light rain
130,Codrington,AU,-38.2667,141.9667,62.4,53,96,20.83,overcast clouds
131,Sabratah,LY,32.7933,12.4885,63.05,38,100,11.61,overcast clouds
132,Ayan,RU,56.45,138.1667,23.25,69,18,3.51,few clouds
133,Goderich,CA,43.7501,-81.7165,30.52,69,100,14.97,overcast clouds
134,Carutapera,BR,-1.195,-46.02,78.94,80,77,6.67,broken clouds
135,Skibbereen,IE,51.55,-9.2667,39.0,61,1,27.87,clear sky
136,Tasiilaq,GL,65.6145,-37.6368,30.36,72,100,8.5,overcast clouds
137,Tapa,EE,59.2606,25.9586,27.7,80,98,8.3,overcast clouds
138,Malakal,SS,9.5334,31.6605,76.59,32,77,5.21,broken clouds
139,Hambantota,LK,6.1241,81.1185,77.34,100,20,2.3,few clouds
140,Forssa,FI,60.8146,23.6215,10.67,83,44,4.14,scattered clouds
141,Marrakesh,MA,31.6315,-8.0083,53.67,82,90,4.61,overcast clouds
142,Abha,SA,18.2164,42.5053,55.22,82,0,0.0,clear sky
143,Shellbrook,CA,53.2168,-106.4011,38.43,75,99,14.18,overcast clouds
144,Luderitz,NA,-26.6481,15.1594,58.05,87,0,7.61,clear sky
145,Mogadishu,SO,2.0371,45.3438,78.64,79,100,1.77,light rain
146,Tommot,RU,58.9564,126.2925,20.05,82,100,13.98,overcast clouds
147,Independence,US,39.0911,-94.4155,48.29,46,1,12.66,clear sky
148,Avarua,CK,-21.2078,-159.775,84.25,84,20,5.75,few clouds
149,Mar Del Plata,AR,-38.0023,-57.5575,55.42,94,90,12.66,overcast clouds
150,Huarmey,PE,-10.0681,-78.1522,66.43,86,100,8.81,overcast clouds
151,Maniitsoq,GL,65.4167,-52.9,31.57,87,100,5.06,light snow
152,Kavieng,PG,-2.5744,150.7967,84.63,68,99,3.0,overcast clouds
153,Sola,VU,-13.8833,167.55,81.45,76,25,11.79,scattered clouds
154,Provideniya,RU,64.3833,-173.3,-4.07,81,16,7.96,few clouds
155,Kharovsk,RU,59.9642,40.1912,30.45,90,100,6.91,overcast clouds
156,Esna,EG,25.2934,32.554,59.02,29,91,5.55,overcast clouds
157,Kathmandu,NP,27.7167,85.3167,48.42,100,20,2.3,mist
158,Aykhal,RU,66.0,111.5,-8.52,100,100,4.12,overcast clouds
159,Mount Darwin,ZW,-16.7725,31.5838,62.49,85,65,7.99,broken clouds
160,Seminole,US,28.7086,-81.2081,71.69,88,1,5.75,clear sky
161,Belmonte,BR,-15.8631,-38.8828,75.7,78,100,6.08,overcast clouds
162,Port Lincoln,AU,-34.7333,135.8667,62.49,62,83,16.17,broken clouds
163,Gillette,US,44.2911,-105.5022,49.12,34,90,9.22,overcast clouds
164,Belaya Gora,RU,68.5333,146.4167,-38.7,100,73,0.76,broken clouds
165,Bonoua,CI,5.2741,-3.595,76.62,90,70,5.19,light rain
166,Kirakira,SB,-10.4544,161.9205,83.93,74,25,5.1,scattered clouds
167,Husavik,IS,66.0449,-17.3389,30.11,71,100,14.18,overcast clouds
168,Qasigiannguit,GL,68.8193,-51.1922,21.45,87,100,4.34,overcast clouds
169,Balad,IQ,34.0164,44.1453,61.12,45,0,8.12,clear sky
170,Haines Junction,CA,60.7522,-137.5108,-7.65,84,98,3.44,light snow
171,Puerto Madryn,AR,-42.7692,-65.0385,60.37,63,100,20.0,overcast clouds
172,Kaset Sombun,TH,16.2805,101.9542,72.05,66,100,5.86,overcast clouds
173,Ekibastuz,KZ,51.6667,75.3667,17.01,85,100,19.55,overcast clouds
174,Bukachacha,RU,52.9833,116.9167,13.05,87,100,0.85,overcast clouds
175,Vestmannaeyjar,IS,63.4427,-20.2734,30.24,57,100,4.27,overcast clouds
176,Charters Towers,AU,-20.1,146.2667,89.89,32,0,4.5,clear sky
177,Vung Tau,VN,10.346,107.0843,75.16,87,100,4.81,moderate rain
178,Manavalakurichi,IN,8.1333,77.3,77.09,84,83,3.51,broken clouds
179,Kirensk,RU,57.7853,108.1119,4.87,90,85,7.56,overcast clouds
180,Hienghene,NC,-20.6833,164.9333,82.83,64,22,9.4,few clouds
181,Bengkulu,ID,-3.8004,102.2655,77.56,80,100,3.91,overcast clouds
182,Karratha,AU,-20.7377,116.8463,95.54,21,0,19.73,clear sky
183,Brits,ZA,-25.6347,27.7802,60.12,80,66,13.47,broken clouds
184,Srednekolymsk,RU,67.45,153.6833,-35.16,99,14,2.24,few clouds
185,Sergeyevka,KZ,53.88,67.4158,19.71,90,99,19.15,overcast clouds
186,Ponta Delgada,PT,37.7333,-25.6667,61.52,67,75,11.5,broken clouds
187,Khatanga,RU,71.9667,102.5,0.9,93,100,14.85,overcast clouds
188,Cap Malheureux,MU,-19.9842,57.6142,72.09,66,2,9.84,clear sky
189,Norsup,VU,-16.0667,167.3833,84.2,70,18,11.14,few clouds
190,Kaeo,NZ,-35.1,173.7833,69.8,54,36,7.4,scattered clouds
191,Athens,GR,37.9795,23.7162,59.38,93,100,4.61,overcast clouds
192,Chulumani,BO,-16.4096,-67.5263,64.2,89,100,0.89,overcast clouds
193,Port Augusta,AU,-32.5,137.7667,66.34,42,0,11.54,clear sky
194,Stornoway,GB,58.2093,-6.3865,37.36,75,40,27.63,scattered clouds
195,Touros,BR,-5.1989,-35.4608,81.5,79,7,12.44,clear sky
196,Meulaboh,ID,4.1363,96.1285,79.93,81,42,3.53,scattered clouds
197,Kasongo-Lunda,CD,-6.4667,16.8167,69.06,99,100,0.81,light rain
198,Balakhta,RU,55.38,91.6,-0.94,87,33,3.83,scattered clouds
199,Zalantun,CN,48.0,122.7167,17.28,75,12,2.68,few clouds
200,Salinopolis,BR,-0.6136,-47.3561,80.85,79,93,9.93,overcast clouds
201,Colac,AU,-38.3333,143.5833,63.23,44,56,14.45,broken clouds
202,Aklavik,CA,68.2191,-135.0107,-4.97,94,100,21.23,light snow
203,Joshimath,IN,30.5667,79.5667,46.99,21,0,5.3,clear sky
204,Valdosta,US,30.8327,-83.2785,49.59,65,1,0.0,clear sky
205,Hofn,IS,64.2539,-15.2082,28.58,42,83,7.49,broken clouds
206,Portland,US,45.5234,-122.6762,54.18,90,90,0.0,overcast clouds
207,Tadine,NC,-21.55,167.8833,80.78,74,8,15.41,clear sky
208,Mahebourg,MU,-20.4081,57.7,71.89,88,20,5.75,few clouds
209,Payo,ID,-3.7508,103.6372,80.24,82,87,2.15,overcast clouds
210,High Level,CA,58.5169,-117.136,28.51,64,20,9.22,few clouds
211,Gat,IL,31.61,34.7642,54.28,67,34,3.24,scattered clouds
212,Matai,TZ,-8.3,31.5167,58.15,91,46,3.76,scattered clouds
213,Zyryanovsk,KZ,49.7386,84.2719,-11.2,99,92,1.83,overcast clouds
214,Limon,CR,10.0,-83.0333,76.44,84,100,2.19,overcast clouds
215,Port Townsend,US,48.117,-122.7605,48.16,81,90,4.61,overcast clouds
216,Bone,DE,51.9669,12.1396,34.47,85,38,8.39,scattered clouds
217,Shache,CN,38.4167,77.2406,38.59,35,100,1.1,overcast clouds
218,Agulu,NG,6.11,7.0724,76.98,92,89,3.6,overcast clouds
219,Lorengau,PG,-2.0226,147.2712,85.48,66,16,1.19,few clouds
220,Vostok,RU,46.4856,135.8833,19.17,90,100,3.33,overcast clouds
221,Wewak,PG,-3.5534,143.6268,83.97,76,52,4.94,broken clouds
222,Broken Hill,AU,-31.95,141.4333,67.71,56,40,19.57,scattered clouds
223,Soe,ID,-9.8607,124.284,83.23,51,100,2.42,overcast clouds
224,Bubaque,GW,11.2833,-15.8333,83.19,73,100,10.58,overcast clouds
225,Alofi,NU,-19.0595,-169.9187,80.49,89,98,8.05,overcast clouds
226,Brilon,DE,51.4,8.5833,35.82,93,100,9.91,light rain
227,Pacific Grove,US,36.6177,-121.9166,62.28,51,1,0.0,clear sky
228,Mongua,CO,5.7508,-72.8034,45.23,95,100,1.95,overcast clouds
229,Banda Aceh,ID,5.5577,95.3222,81.07,77,81,3.87,broken clouds
230,Richards Bay,ZA,-28.783,32.0377,64.99,72,99,5.23,overcast clouds
231,Salalah,OM,17.0151,54.0924,73.49,46,0,2.3,clear sky
232,Sorong,ID,-0.8833,131.25,83.52,71,100,3.76,overcast clouds
233,Turukhansk,RU,65.8167,87.9833,0.99,95,100,13.06,overcast clouds
234,Padang,ID,-0.9492,100.3543,82.02,70,98,0.81,overcast clouds
235,Ilulissat,GL,69.2167,-51.1,21.22,79,75,2.3,broken clouds
236,Henties Bay,NA,-22.116,14.2845,57.97,89,0,4.36,clear sky
237,Klyuchi,RU,52.2667,79.1667,15.73,88,100,13.33,overcast clouds
238,Mersin,TR,36.862,34.6509,54.75,84,67,4.05,broken clouds
239,Nan,TH,18.8333,100.6667,69.82,83,20,0.0,few clouds
240,Vao,NC,-22.6667,167.4833,75.99,86,19,20.02,few clouds
241,Brae,GB,60.3964,-1.353,35.51,61,98,29.39,overcast clouds
242,Ahuimanu,US,21.4447,-157.8378,82.11,51,1,8.05,clear sky
243,Bosaso,SO,11.2842,49.1816,77.25,81,38,1.9,scattered clouds
244,Hami,CN,42.8,93.45,28.85,58,30,3.11,scattered clouds
245,Grindavik,IS,63.8424,-22.4338,30.67,80,90,19.57,overcast clouds
246,Saint-Georges,GD,12.0564,-61.7485,78.48,94,20,0.0,few clouds
247,Qaqortoq,GL,60.7167,-46.0333,37.9,98,100,7.38,light rain
248,Warri,NG,5.5167,5.75,77.04,93,100,3.09,overcast clouds
249,Victoria,HK,22.2855,114.1577,69.85,47,100,8.05,overcast clouds
250,Terrace Bay,CA,48.7834,-87.1,6.42,67,15,1.77,few clouds
251,Nizhniy Tsasuchey,RU,50.5167,115.1333,13.01,88,100,4.63,overcast clouds
252,Lewistown,US,40.5992,-77.5714,35.46,75,90,12.66,overcast clouds
253,Petauke,ZM,-14.2426,31.3253,64.06,83,81,9.78,broken clouds
254,Port Elizabeth,ZA,-33.918,25.5701,62.89,82,0,20.71,clear sky
255,Aleksandrovskiy Zavod,RU,50.9237,117.9374,13.6,89,62,1.63,broken clouds
256,Maiduguri,NG,11.8464,13.1603,71.04,25,6,6.6,clear sky
257,Palembang,ID,-2.9167,104.7458,79.07,82,81,3.65,light rain
258,Nivala,FI,63.9167,24.9667,14.72,94,13,4.43,few clouds
259,Belyy Yar,RU,53.6039,91.3903,12.09,73,0,8.95,clear sky
260,Bereda,ES,43.2686,-7.5406,47.95,88,98,7.72,overcast clouds
261,Santo Antonio Do Ica,BR,-3.1022,-67.9397,77.13,87,100,3.47,overcast clouds
262,Hasanabad,IR,36.5465,61.0543,43.0,44,14,6.67,few clouds
263,Kununurra,AU,-15.7667,128.7333,91.38,49,40,9.22,scattered clouds
264,Mecca,SA,21.4267,39.8261,74.66,73,0,2.57,clear sky
265,Conde,BR,-7.2597,-34.9075,80.06,83,20,9.22,few clouds
266,Wanning,CN,18.8003,110.3967,72.79,73,99,13.91,overcast clouds
267,Waingapu,ID,-9.6567,120.2641,86.49,66,51,4.36,broken clouds
268,Kodiak,US,57.79,-152.4072,18.91,49,1,8.05,clear sky
269,Ca Mau,VN,9.1769,105.15,74.01,93,100,5.37,heavy intensity rain
270,Shakhtinsk,KZ,49.71,72.5872,7.36,91,16,9.78,few clouds
271,Leshukonskoye,RU,64.8989,45.7622,14.56,96,100,2.37,light snow
272,Sao Filipe,CV,14.8961,-24.4956,77.47,77,3,11.12,clear sky
273,Sur,OM,22.5667,59.5289,76.23,65,42,11.65,scattered clouds
274,Pontianak,ID,-0.0333,109.3333,82.2,81,100,2.51,overcast clouds
275,Bogashevo,RU,56.3683,85.1447,10.24,79,75,17.9,light shower snow
276,Cuenca,EC,-2.8833,-78.9833,55.53,94,75,0.0,broken clouds
277,Praia Da Vitoria,PT,38.7333,-27.0667,61.05,88,40,13.67,scattered clouds
278,Lata,PT,40.1629,-8.3327,41.41,91,96,2.62,overcast clouds
279,Half Moon Bay,US,37.4636,-122.4286,62.51,57,1,9.22,clear sky
280,Chudovo,RU,59.1167,31.6833,30.79,97,100,4.88,light snow
281,Camacha,PT,33.0833,-16.3333,59.76,88,75,13.8,broken clouds
282,Lasa,IT,46.6166,10.7002,36.86,96,99,1.03,overcast clouds
283,Tuktoyaktuk,CA,69.4541,-133.0374,-2.2,84,90,20.71,light snow
284,Hammerfest,NO,70.6634,23.6821,23.45,58,99,10.36,overcast clouds
285,Tottori,JP,35.5,134.2333,46.47,76,75,18.41,light intensity shower rain
286,Safaga,EG,26.7292,33.9365,64.35,37,98,10.96,overcast clouds
287,Lavrentiya,RU,65.5833,-171.0,-9.02,93,33,8.5,scattered clouds
288,Atar,MR,20.5169,-13.0499,75.76,33,5,5.57,clear sky
289,Road Town,VG,18.4167,-64.6167,78.89,83,40,12.66,scattered clouds
290,Rapar,IN,23.5667,70.6333,72.5,45,3,3.87,clear sky
291,Vardo,NO,70.3705,31.1107,24.8,58,100,4.83,overcast clouds
292,Pandan,PH,14.0453,124.1694,82.36,84,48,11.23,scattered clouds
293,Faya,SA,18.3851,42.4509,55.51,79,0,1.95,clear sky
294,Cayenne,GF,4.9333,-52.3333,80.64,83,75,5.75,broken clouds
295,Oranjemund,NA,-28.55,16.4333,60.26,83,0,18.3,clear sky
296,Myitkyina,MM,25.3833,97.4,65.75,56,0,2.71,clear sky
297,Ayakudi,IN,10.45,77.55,73.54,92,100,1.92,overcast clouds
298,New Norfolk,AU,-42.7826,147.0587,60.3,37,77,2.95,broken clouds
299,Talcahuano,CL,-36.7167,-73.1167,56.88,77,0,21.85,clear sky
300,Merauke,ID,-8.4667,140.3333,87.1,62,96,7.58,overcast clouds
301,Yalvac,TR,38.2956,31.1778,48.36,87,75,10.96,broken clouds
302,Yaan,NG,7.3833,8.5667,75.2,52,78,3.38,broken clouds
303,Sakaraha,MG,-22.9,44.5333,59.09,69,0,10.74,clear sky
304,Manyana,BW,-23.4,21.7167,67.59,73,18,10.29,light rain
305,Tamiahua,MX,21.2667,-97.45,62.6,87,100,9.89,overcast clouds
306,Teeli,RU,51.0333,90.2333,2.43,82,71,4.05,broken clouds
307,Coahuayana,MX,18.7333,-103.6833,76.28,83,43,0.38,scattered clouds
308,Yelyzavethradka,UA,48.8038,32.4046,42.3,88,100,21.14,overcast clouds
309,Twentynine Palms,US,34.1356,-116.0542,67.86,11,53,5.32,broken clouds
310,Ancud,CL,-41.8697,-73.8203,53.13,80,97,4.7,overcast clouds
311,Mlonggo,ID,-6.5333,110.7,83.32,74,98,2.46,overcast clouds
312,Lompoc,US,34.6391,-120.4579,64.71,77,1,4.61,clear sky
313,Fairfield,US,41.2668,-73.3162,39.85,52,75,6.91,broken clouds
314,Port-Gentil,GA,-0.7193,8.7815,80.02,81,88,10.0,light rain
315,Hay River,CA,60.8156,-115.7999,8.58,72,75,12.66,broken clouds
316,Nizhniy Chir,RU,48.3597,43.0865,34.61,89,8,12.53,clear sky
317,Berdigestyakh,RU,62.0989,126.6992,17.8,88,100,13.94,light snow
318,Manzhouli,CN,49.6,117.4333,13.59,90,99,2.71,overcast clouds
319,Kimbe,PG,-5.5502,150.1429,88.03,63,100,6.31,light rain
320,Lagoa,PT,39.05,-27.9833,62.47,63,36,17.29,scattered clouds
321,Griffith,US,41.5284,-87.4237,28.6,54,90,8.05,overcast clouds
322,Jaragua,BR,-15.7569,-49.3344,75.42,74,24,1.39,few clouds
323,San Carlos De Bariloche,AR,-41.1456,-71.3082,53.35,54,20,17.27,few clouds
324,Solnechnyy,RU,50.7214,136.6319,21.96,84,26,3.36,scattered clouds
325,Moindou,NC,-21.6924,165.677,89.55,63,54,8.77,broken clouds
326,Vaitape,PF,-16.5167,-151.75,81.59,74,12,17.67,few clouds
327,Songkhla,TH,6.8333,100.6667,77.05,87,94,6.62,overcast clouds
328,Dunedin,NZ,-45.8742,170.5036,49.3,75,100,3.42,overcast clouds
329,Bhimunipatnam,IN,17.8833,83.4333,76.51,81,100,10.2,overcast clouds
330,Hokitika,NZ,-42.7167,170.9667,58.01,97,100,9.93,overcast clouds
331,Makakilo City,US,21.3469,-158.0858,80.92,51,90,0.0,overcast clouds
332,Erzin,TR,36.9559,36.2,52.52,75,33,3.33,scattered clouds
333,Samarai,PG,-10.6167,150.6667,84.58,70,99,8.3,overcast clouds
334,Teya,RU,60.3778,92.6267,4.46,91,100,9.44,overcast clouds
335,Yulara,AU,-25.2406,130.9889,75.04,29,0,11.5,clear sky
336,Naze,JP,28.3667,129.4833,65.32,54,100,17.87,overcast clouds
337,Ariano Irpino,IT,41.1489,15.0833,47.89,81,36,19.53,scattered clouds
338,Agadez,NE,19.75,10.25,69.48,22,19,2.39,few clouds
339,Orshanka,RU,56.9161,47.8933,30.24,94,100,13.49,overcast clouds
340,Yuzhno-Kurilsk,RU,44.0306,145.8556,39.02,78,72,20.29,broken clouds
341,Vodnyy,RU,63.5046,53.4095,28.71,98,98,6.13,light snow
342,Barao De Melgaco,BR,-16.1944,-55.9675,82.92,93,100,3.58,overcast clouds
343,Palmer,US,42.1584,-72.3287,36.21,69,75,13.8,snow
344,Plettenberg Bay,ZA,-34.0527,23.3716,64.04,85,94,13.15,overcast clouds
345,Morogoro,TZ,-6.8167,37.6667,66.7,89,18,1.7,few clouds
346,Mareeba,AU,-17.0,145.4333,83.12,45,73,4.0,broken clouds
347,Itarema,BR,-2.9248,-39.9167,80.22,79,30,13.51,scattered clouds
348,Isangel,VU,-19.55,169.2667,81.59,72,10,14.54,clear sky
349,Black River,JM,18.0264,-77.8487,78.8,84,100,7.16,overcast clouds
350,East London,ZA,-33.0153,27.9116,65.1,80,100,23.47,light rain
351,Arlit,NE,18.7369,7.3853,74.46,25,53,8.77,broken clouds
352,Bathsheba,BB,13.2167,-59.5167,75.81,94,20,4.61,few clouds
353,Seydi,TM,39.4816,62.9137,30.67,52,49,9.57,scattered clouds
354,Riyadh,SA,24.6877,46.7219,60.94,40,0,3.69,clear sky
355,Tibiri,NE,13.5627,7.0485,73.22,18,2,10.09,clear sky
356,Rundu,NA,-17.9333,19.7667,69.78,64,92,4.63,overcast clouds
357,Forestville,US,38.8451,-76.875,36.93,45,75,17.27,broken clouds
358,Oistins,BB,13.0667,-59.5333,75.29,94,20,4.61,few clouds
359,Katima Mulilo,NA,-17.5,24.2667,70.03,73,5,9.1,clear sky
360,Kayerkan,RU,69.3497,87.7602,1.33,93,100,10.67,overcast clouds
361,Fairlie,GB,55.756,-4.8556,39.11,59,100,22.12,overcast clouds
362,Douentza,ML,14.9951,-2.9517,76.91,23,41,2.71,scattered clouds
363,Gaoua,BF,10.2992,-3.2508,75.78,29,10,3.24,clear sky
364,Vila,PT,42.0304,-8.1588,41.88,96,100,5.21,overcast clouds
365,Pochutla,MX,15.7432,-96.4661,74.55,74,98,3.96,overcast clouds
366,Cidreira,BR,-30.1811,-50.2056,69.94,91,88,12.12,overcast clouds
367,Batticaloa,LK,7.7102,81.6924,79.3,85,51,5.57,broken clouds
368,Oktyabrskiy,RU,54.4815,53.471,23.13,84,69,16.26,broken clouds
369,Mount Isa,AU,-20.7333,139.5,83.97,30,0,12.66,clear sky
370,Teahupoo,PF,-17.8333,-149.2667,82.36,70,1,16.33,clear sky
371,Mayo,US,38.8876,-76.5119,37.81,52,1,13.8,clear sky
372,College,US,64.8569,-147.8028,-9.42,77,75,0.0,mist
373,Havre-Saint-Pierre,CA,50.2334,-63.5986,43.16,93,90,12.66,mist
374,Dharchula,IN,29.85,80.5333,51.12,29,3,5.66,clear sky
375,Banjar,ID,-8.19,114.9675,82.26,66,66,2.62,broken clouds
376,Kyzyl-Suu,KG,42.3414,78.0056,20.93,81,53,7.2,light snow
377,Fare,PF,-16.7,-151.0167,80.87,76,7,19.64,light rain
378,Labuhan,ID,-6.8844,112.2051,82.78,74,100,7.99,light rain
379,Pokaran,IN,26.9167,71.9167,67.14,23,0,6.71,clear sky
380,Tutoia,BR,-2.7619,-42.2744,80.62,82,51,10.98,broken clouds
381,Bartica,GY,6.4,-58.6167,77.32,99,100,1.97,moderate rain
382,Eureka,US,40.8021,-124.1637,52.41,61,100,2.86,overcast clouds
383,Noumea,NC,-22.2763,166.4572,89.58,63,38,9.24,scattered clouds
384,Avera,US,33.194,-82.5271,44.65,42,0,8.05,clear sky
385,Chau Doc,VN,10.7,105.1167,75.09,74,100,10.98,overcast clouds
386,Macusani,PE,-14.0833,-70.4333,38.28,96,99,3.65,overcast clouds
387,Ambulu,ID,-8.345,113.6058,82.53,77,100,4.03,overcast clouds
388,Boshnyakovo,RU,49.6333,142.1667,28.22,74,100,13.47,overcast clouds
389,Lianran,CN,24.9227,102.485,48.74,80,23,3.62,few clouds
390,Campos Belos,BR,-13.0367,-46.7717,68.83,91,99,2.93,overcast clouds
391,Nosy Varika,MG,-20.5833,48.5333,70.48,92,100,5.93,overcast clouds
392,Dembi Dolo,ET,8.5333,34.8,58.98,66,9,4.83,clear sky
393,Beloha,MG,-25.1667,45.05,63.91,56,59,5.7,broken clouds
394,Hailar,CN,49.2,119.7,19.2,71,22,8.63,few clouds
395,Sibolga,ID,1.7427,98.7792,81.0,75,100,1.16,overcast clouds
396,Balkanabat,TM,39.5108,54.3671,48.29,43,100,3.83,overcast clouds
397,Alakurtti,RU,66.9672,30.3491,4.69,95,100,3.8,overcast clouds
398,Kushiro,JP,42.975,144.3747,40.15,65,40,10.36,scattered clouds
399,Tukrah,LY,32.5341,20.5791,64.63,65,100,6.51,overcast clouds
400,Thiene,IT,45.7088,11.4796,45.28,94,100,1.79,light rain
401,Saint-Leu,RE,-21.15,55.2833,74.26,85,56,6.6,light rain
402,Inuvik,CA,68.3499,-133.7218,-2.99,84,90,14.97,light snow
403,Tavda,RU,58.0425,65.2726,32.31,86,100,14.67,overcast clouds
404,Mehamn,NO,71.0357,27.8492,19.0,74,80,14.45,broken clouds
405,Glossa,GR,35.4717,23.7763,60.46,76,100,9.57,overcast clouds
406,Batemans Bay,AU,-35.7167,150.1833,56.44,87,100,12.91,overcast clouds
407,Sitka,US,57.0531,-135.33,35.49,87,90,13.8,light rain
408,Norman Wells,CA,65.282,-126.8329,-5.76,71,75,11.5,light snow
409,Kihei,US,20.785,-156.4656,82.42,54,40,19.57,scattered clouds
410,Christchurch,NZ,-43.5333,172.6333,55.6,76,90,17.27,overcast clouds
411,Ibaiti,BR,-23.8486,-50.1878,62.6,75,0,3.69,clear sky
412,Keflavik,IS,64.0049,-22.5624,30.63,80,90,19.57,overcast clouds
413,Pevek,RU,69.7008,170.3133,-27.22,99,21,3.91,few clouds
414,Afrikanda,RU,67.4429,32.7828,12.61,90,94,6.35,overcast clouds
415,The Valley,AI,18.217,-63.0578,76.86,77,23,12.08,few clouds
416,Sistranda,NO,63.7256,8.834,26.56,61,100,6.44,overcast clouds
417,Fort Abbas,PK,29.1925,72.8536,64.87,28,0,7.11,clear sky
418,Dauphin,CA,51.1494,-100.0502,30.34,86,20,11.5,few clouds
419,Conceicao Da Barra,BR,-18.5933,-39.7322,73.09,77,75,10.0,broken clouds
420,Ouallam,NE,14.3188,2.0866,77.04,18,50,11.07,scattered clouds
421,Marawi,PH,7.9986,124.2928,80.33,66,31,3.53,scattered clouds
422,Maunabo,PR,18.0072,-65.8993,78.62,74,8,8.5,clear sky
423,Mapastepec,MX,15.4333,-92.9,76.39,73,98,4.63,overcast clouds
424,Jutai,BR,-5.1833,-68.9,79.52,76,100,0.47,overcast clouds
425,Egvekinot,RU,66.3167,-179.1667,-17.72,87,4,8.75,clear sky
426,Udachnyy,RU,66.4167,112.4,-14.19,100,100,3.42,overcast clouds
427,Wadi Maliz,TN,36.4681,8.5495,57.65,51,100,7.67,overcast clouds
428,Mhasla,IN,18.1333,73.1167,73.89,66,23,3.96,few clouds
429,Evensk,RU,61.95,159.2333,-5.62,81,25,8.72,scattered clouds
430,Taltal,CL,-25.4,-70.4833,60.33,81,5,0.63,clear sky
431,Esperance,AU,-33.8667,121.9,73.24,55,63,8.61,broken clouds
432,Sterling,US,39.0062,-77.4286,37.4,56,75,16.11,broken clouds
433,Pitangui,BR,-19.6828,-44.8903,67.03,97,100,2.06,light rain
434,Suleja,NG,9.1758,7.1808,68.99,26,48,4.9,scattered clouds
435,New Waterford,US,40.8451,-80.6145,26.89,74,89,8.97,overcast clouds
436,Mulchen,CL,-37.7167,-72.2333,54.86,62,6,6.96,clear sky
437,Fengzhen,CN,40.4394,113.1536,28.11,64,4,2.15,clear sky
438,Tomatlan,MX,19.9333,-105.25,72.43,87,91,2.08,overcast clouds
439,Haines City,US,28.1142,-81.6179,67.75,72,75,4.61,broken clouds
440,Ust-Tsilma,RU,65.441,52.1498,12.27,95,100,4.81,overcast clouds
441,Berezovka,BY,53.7214,25.4993,35.49,93,100,9.62,overcast clouds
442,Chadiza,ZM,-14.0678,32.4392,62.85,92,100,8.61,overcast clouds
443,Tombouctou,ML,20.0,-3.0,76.8,30,100,6.17,overcast clouds
444,Ucluelet,CA,48.9329,-125.5528,43.11,70,100,3.76,overcast clouds
445,Irpa Irpa,BO,-17.7167,-66.2667,64.4,67,100,2.59,light rain
446,Caraballeda,VE,10.6112,-66.8522,82.47,69,40,6.91,scattered clouds
447,Igarka,RU,67.4667,86.5833,-1.43,97,100,13.18,light snow
448,Eyl,SO,7.9803,49.8164,76.8,84,33,9.57,scattered clouds
449,Valparaiso,CL,-33.0393,-71.6273,59.92,88,40,5.75,scattered clouds
450,Nishihara,JP,26.1842,127.7558,67.28,64,75,16.11,broken clouds
451,Marzuq,YE,14.4,46.4667,65.62,47,0,3.18,clear sky
452,Linjiang,CN,41.8069,126.9078,26.96,56,10,1.63,clear sky
453,La Sarre,CA,48.8002,-79.1996,8.58,92,54,8.86,broken clouds
454,Mwinilunga,ZM,-11.7358,24.4293,60.69,97,100,3.13,light rain
455,Mackay,AU,-21.15,149.2,85.98,66,75,9.22,broken clouds
456,Namatanai,PG,-3.6667,152.4333,86.61,64,89,2.13,overcast clouds
457,Olafsvik,IS,64.8945,-23.7142,38.05,67,100,14.76,overcast clouds
458,Tura,IN,25.5198,90.2201,64.24,68,0,2.04,clear sky
459,Tshane,BW,-24.0196,21.8684,69.21,69,29,17.29,scattered clouds
460,Buta,CD,2.7858,24.73,68.25,99,100,1.68,overcast clouds
461,Coalinga,US,36.1397,-120.3602,63.14,38,4,3.29,clear sky
462,Aripuana,BR,-9.1667,-60.6333,72.91,98,96,0.67,overcast clouds
463,Harper,LR,4.375,-7.7169,78.46,86,85,7.63,light rain
464,Samfya,ZM,-11.3649,29.5565,65.37,91,98,8.95,overcast clouds
465,Rio Gallegos,AR,-51.6226,-69.2181,55.45,35,75,9.22,broken clouds
466,Kieta,PG,-6.2167,155.6333,86.13,67,84,3.29,light rain
467,Hamilton,US,39.1834,-84.5333,33.24,59,90,5.75,overcast clouds
468,Kushima,JP,31.4583,131.2333,55.44,54,30,1.7,scattered clouds
469,Ambanja,MG,-13.6833,48.45,74.48,90,11,2.84,few clouds
470,Bonthe,SL,7.5264,-12.505,79.36,83,91,3.11,overcast clouds
471,Nikolayevsk-Na-Amure,RU,53.1406,140.73,25.47,91,61,4.16,broken clouds
472,Biltine,TD,14.5333,20.9167,69.39,19,7,11.03,clear sky
473,Santana Do Ipanema,BR,-9.3783,-37.2453,75.07,82,29,6.06,scattered clouds
474,Otradnoye,RU,59.7775,30.8181,28.45,83,100,4.14,overcast clouds
475,Joao Camara,BR,-5.5375,-35.8197,79.84,88,15,6.8,few clouds
476,Jinka,ET,5.65,36.65,65.68,50,14,1.99,few clouds
477,Rocha,UY,-34.4833,-54.3333,62.19,98,23,5.93,few clouds
478,Umm Kaddadah,SD,13.6017,26.6876,67.32,17,66,12.88,broken clouds
479,Derzhavinsk,KZ,51.1,66.3167,12.96,96,97,14.58,overcast clouds
480,Muisne,EC,0.6,-80.0333,74.32,84,71,5.46,broken clouds
481,Zhanaozen,KZ,43.3,52.8,34.14,41,100,18.07,overcast clouds
482,Mulege,MX,26.8833,-111.9833,67.37,67,12,9.31,few clouds
483,Lichinga,MZ,-13.3128,35.2406,58.86,89,90,9.19,overcast clouds
484,Souillac,MU,-20.5167,57.5167,71.98,88,20,5.75,few clouds
485,Amalapuram,IN,16.5833,82.0167,79.18,84,100,6.6,overcast clouds
486,Ankazoabo,MG,-22.2833,44.5167,61.7,68,0,13.49,clear sky
487,Sevsk,RU,52.1491,34.4926,33.1,96,100,15.48,overcast clouds
488,Rockport,US,28.0206,-97.0544,60.82,58,1,9.22,clear sky
489,Vila Velha,BR,-20.3297,-40.2925,75.15,78,20,10.36,few clouds
490,Itoman,JP,26.1247,127.6694,68.02,64,75,16.11,light rain
491,Grimshaw,CA,56.1834,-117.6027,28.02,54,1,18.41,clear sky
492,Klyuchevsk,RU,57.1216,60.9414,33.73,81,100,16.42,overcast clouds
493,Kunming,CN,25.0389,102.7183,48.13,93,40,4.47,scattered clouds
494,Churachandpur,IN,24.3333,93.6667,52.88,78,7,2.33,clear sky
495,Banamba,ML,13.55,-7.45,75.78,26,16,8.79,few clouds
496,Mnogovershinnyy,RU,53.9353,139.9242,21.38,90,50,4.61,scattered clouds
497,Dengzhou,CN,37.8086,120.7508,45.91,49,0,6.35,clear sky
498,Adrar,MR,20.5022,-10.0711,75.22,25,4,10.09,clear sky
499,Sao Joao Da Barra,BR,-21.6403,-41.0511,73.45,89,99,14.58,overcast clouds
500,Imbituba,BR,-28.24,-48.6703,73.29,91,32,3.69,scattered clouds
501,Borovsk,RU,55.2064,36.4861,36.1,94,100,9.86,overcast clouds
502,Namibe,AO,-15.1961,12.1522,67.42,68,100,10.04,overcast clouds
503,Balabac,PH,7.9868,117.0645,82.78,77,100,8.43,light rain
504,Nioro,GM,13.35,-15.75,77.56,63,100,6.78,overcast clouds
505,Vila Franca Do Campo,PT,37.7167,-25.4333,61.21,72,27,9.22,scattered clouds
506,Mayumba,GA,-3.432,10.6554,77.2,88,100,5.82,moderate rain
507,Zhengjiatun,CN,43.5064,123.5064,23.83,78,5,11.07,clear sky
508,Saint-Denis,FR,48.9167,2.3333,39.69,93,75,8.05,broken clouds
509,Mungaa,TZ,-4.9667,34.8833,62.58,78,30,6.71,scattered clouds
510,Sungairaya,ID,0.7,108.9,79.92,86,100,4.63,overcast clouds
511,Nyrob,RU,60.733,56.7202,30.18,95,100,12.48,light snow
512,Chumphon,TH,10.3333,98.8333,73.51,77,100,6.85,overcast clouds
513,Kralendijk,BQ,12.15,-68.2667,80.58,78,20,8.05,few clouds
514,Rayevskiy,RU,54.0658,54.9468,24.17,85,32,16.69,scattered clouds
515,Hualmay,PE,-11.0964,-77.6139,65.77,87,100,10.54,overcast clouds
516,Kloulklubed,PW,7.0419,134.2556,84.7,75,26,20.04,scattered clouds
517,Charyshskoye,RU,51.3978,83.5598,2.62,84,90,5.68,overcast clouds
518,Rosignol,GY,6.2833,-57.5333,77.45,88,98,5.73,overcast clouds
519,Ambon,ID,-3.6954,128.1814,89.74,66,20,4.61,few clouds
520,Jardim,BR,-21.4803,-56.1381,74.05,94,3,1.7,clear sky
521,Stephenville,US,32.2207,-98.2023,47.19,42,1,3.44,clear sky
522,Puro,PH,12.4841,123.3827,84.15,76,91,12.64,overcast clouds
523,Rey Bouba,CM,8.6724,14.1786,72.5,28,4,1.92,clear sky
524,Diplo,PK,24.4667,69.584,70.23,41,1,6.55,clear sky
525,Kansanshi,ZM,-12.0951,26.4273,58.53,99,89,3.38,overcast clouds
526,Salgueiro,BR,-8.0742,-39.1192,79.57,58,62,7.81,broken clouds
527,Tateyama,JP,34.9833,139.8667,55.67,47,63,14.81,broken clouds
528,Carrara,IT,44.0629,10.0607,52.25,69,100,21.27,overcast clouds
529,Port Moresby,PG,-9.4431,147.1797,85.42,74,40,11.5,haze
530,Kisangani,CD,0.5167,25.2,68.43,97,100,3.76,overcast clouds
531,Quelimane,MZ,-17.8786,36.8883,72.81,70,69,7.27,broken clouds
532,Yilan,TW,24.757,121.753,66.06,93,100,3.02,overcast clouds
533,Roebourne,AU,-20.7833,117.1333,95.2,22,1,18.75,clear sky
534,Nanakuli,US,21.3906,-158.1547,82.35,52,90,0.0,overcast clouds
535,Viedma,AR,-40.8135,-62.9967,60.84,64,0,16.73,clear sky
536,Rostovka,RU,55.3842,71.8891,18.95,90,100,16.64,overcast clouds
537,Laguna,US,38.421,-121.4238,61.09,58,1,0.0,clear sky
538,Nusaybin,TR,37.0778,41.2178,45.14,67,91,3.56,overcast clouds
539,Atambua,ID,-9.1061,124.8925,85.12,63,100,3.29,overcast clouds
540,Lewiston,US,44.1003,-70.2148,36.23,93,90,4.61,light rain
541,Vadso,NO,70.0744,29.7487,21.63,72,100,8.48,overcast clouds
542,Baoro,CF,5.6667,15.9667,67.95,48,73,3.11,broken clouds
543,Katobu,ID,-4.9408,122.5276,87.3,63,83,4.65,broken clouds
544,Krivosheino,RU,57.3431,83.9261,8.67,91,100,12.1,overcast clouds
545,Warrnambool,AU,-38.3833,142.4833,61.48,56,100,21.27,overcast clouds
546,Sao Jose Do Calcado,BR,-21.0253,-41.6544,69.04,95,100,5.08,overcast clouds
547,Alyangula,AU,-13.8483,136.4192,85.87,74,40,5.75,scattered clouds
548,Ende,ID,-8.8432,121.6623,86.72,69,97,1.83,overcast clouds
549,Port Blair,IN,11.6667,92.75,82.89,75,60,8.97,broken clouds
550,Agadir,MA,30.4202,-9.5982,55.85,73,61,3.58,broken clouds
551,Korla,CN,41.7597,86.1469,32.38,60,100,3.71,overcast clouds
552,Khani,GE,41.9563,42.9566,36.97,74,4,7.23,clear sky
553,Asau,RO,46.4333,26.4,40.12,90,99,6.2,overcast clouds
554,Ahipara,NZ,-35.1667,173.1667,70.45,54,97,6.55,overcast clouds
555,Umba,RU,66.6871,34.3429,11.98,92,33,7.4,scattered clouds
556,Pueblo Nuevo,MX,23.3833,-105.3833,52.75,58,100,1.25,overcast clouds
557,Aden,YE,12.7794,45.0367,80.89,70,13,13.04,few clouds
558,Halifax,CA,44.6453,-63.5724,48.2,87,100,9.22,overcast clouds
559,Semporna,MY,4.4818,118.6112,82.6,92,100,5.95,overcast clouds
560,Redlands,US,34.0556,-117.1825,71.28,11,40,5.19,scattered clouds
561,Pontes E Lacerda,BR,-15.2261,-59.3353,72.7,95,98,1.32,overcast clouds
562,Caravelas,BR,-17.7125,-39.2481,72.03,78,60,7.81,broken clouds
563,Broome,US,42.2506,-75.833,30.78,93,90,16.11,light snow
564,Basco,PH,20.4487,121.9702,77.58,84,97,23.22,overcast clouds
565,Barkhan,PK,29.8977,69.5256,49.89,27,0,3.62,clear sky
566,Pirgos,GR,35.1167,25.7178,62.28,69,90,4.56,overcast clouds
567,Yumen,CN,40.2833,97.2,33.01,22,96,1.81,overcast clouds
568,Dawson Creek,CA,55.7666,-120.2362,31.64,40,1,18.41,clear sky
569,Panacan,PH,9.2463,118.4082,81.82,82,100,7.72,overcast clouds
570,Acari,PE,-15.4311,-74.6158,70.34,76,77,2.95,broken clouds
571,Jonesboro,US,35.8423,-90.7043,37.27,70,1,5.75,clear sky
572,Torrington,US,41.8007,-73.1212,37.08,86,97,14.81,overcast clouds
573,Bambanglipuro,ID,-7.95,110.2833,80.71,78,86,5.66,moderate rain
574,Mochicahui,MX,25.9333,-108.9333,66.29,81,100,1.7,overcast clouds
575,Yar-Sale,RU,66.8333,70.8333,-8.45,96,31,6.6,scattered clouds
576,Yelanskiy,RU,56.8419,62.5014,32.5,76,100,16.75,overcast clouds
577,Luganville,VU,-15.5333,167.1667,84.52,69,35,9.55,scattered clouds
578,Sioux Lookout,CA,50.1001,-91.917,21.58,68,75,9.22,broken clouds
579,Watertown,US,42.3709,-71.1828,38.05,90,90,10.36,snow
580,Meadville,US,41.6414,-80.1515,30.58,74,90,9.22,light snow
581,Bambous Virieux,MU,-20.3428,57.7575,71.85,88,20,5.75,few clouds
582,Upata,VE,8.0086,-62.3989,71.85,96,79,3.6,broken clouds
583,Finnsnes,NO,69.2296,17.9811,13.96,95,29,3.78,scattered clouds
584,Huambo,AO,-12.7761,15.7392,60.12,87,100,2.26,overcast clouds
585,Mahajanga,MG,-15.7167,46.3167,77.02,78,40,4.61,thunderstorm with light rain
586,Dingle,PH,10.9995,122.6711,84.02,76,98,12.68,overcast clouds
587,Smithers,CA,54.7804,-127.1743,30.52,69,40,4.61,scattered clouds
588,Airai,TL,-8.9266,125.4092,75.88,56,100,0.98,overcast clouds
589,Saint Anthony,US,45.0205,-93.218,32.32,42,1,9.22,clear sky
590,Saint-Michel-Des-Saints,CA,46.6834,-73.9159,24.85,85,100,13.33,overcast clouds
591,Kahului,US,20.8947,-156.47,82.42,54,40,19.57,scattered clouds
592,Dakar,SN,14.6937,-17.4441,80.73,89,98,9.22,overcast clouds
593,Auki,SB,-8.7676,160.7034,82.96,78,100,2.91,overcast clouds
594,Japura,ID,-0.3167,102.35,77.72,87,99,2.77,overcast clouds
595,Santa Cruz De La Palma,ES,28.6835,-17.7642,62.74,67,40,11.5,scattered clouds
596,Beitbridge,ZW,-22.2167,30.0,64.62,74,98,13.42,overcast clouds
597,Prudentopolis,BR,-25.2131,-50.9778,62.51,88,56,2.51,broken clouds
598,Elliot,ZA,-31.3333,27.85,51.1,88,100,3.62,overcast clouds
599,Yerkoy,TR,39.6381,34.4672,49.69,67,100,5.95,overcast clouds
600,Veraval,IN,20.9,70.3667,74.62,54,3,5.26,clear sky
601,Nizhnyaya Tavda,RU,57.6731,66.1725,28.0,91,100,13.87,overcast clouds
602,Changji,CN,44.0167,87.3167,25.59,93,90,6.71,light snow
603,Olga,RU,43.7444,135.2892,33.08,49,9,11.9,clear sky
604,Kualakapuas,ID,-3.0091,114.3876,86.65,63,100,3.06,overcast clouds
605,Vyartsilya,RU,62.1764,30.693,14.13,98,84,1.23,broken clouds
606,Dordrecht,NL,51.81,4.6736,39.22,90,100,5.19,light rain
607,Sainte-Anne-Des-Monts,CA,49.124,-66.4924,37.27,93,100,5.75,overcast clouds
608,Vitim,RU,59.4511,112.5578,10.89,87,100,12.1,overcast clouds
609,Matara,LK,5.9485,80.5353,78.69,87,91,1.12,overcast clouds
610,Sosua,DO,19.7667,-70.5167,75.18,94,75,0.0,broken clouds
611,Ngunguru,NZ,-35.6167,174.5,66.83,64,5,13.02,clear sky
612,Okato,NZ,-39.2,173.8833,66.11,67,100,8.81,overcast clouds
613,Klimovsk,RU,55.3647,37.525,37.29,87,90,6.71,overcast clouds
614,Sambava,MG,-14.2667,50.1667,73.8,90,25,4.85,scattered clouds
615,Sinnamary,GF,5.3833,-52.95,79.25,86,97,9.75,overcast clouds
616,Jinchang,CN,38.4953,102.1739,38.91,21,0,0.72,clear sky
617,Kiunga,PG,-6.1219,141.2906,89.35,54,100,2.28,overcast clouds
618,Porto Walter,BR,-8.2686,-72.7439,78.28,70,41,2.35,scattered clouds
619,Arrecife,ES,28.963,-13.5477,60.87,72,0,13.8,clear sky
620,Kangaatsiaq,GL,68.3065,-53.4641,25.39,73,100,7.54,overcast clouds
621,Manta,EC,-0.95,-80.7333,74.98,78,75,4.61,broken clouds
622,Launceston,AU,-41.45,147.1667,62.24,44,21,11.5,few clouds
623,Turbat,PK,26.0023,63.044,67.17,33,8,7.18,clear sky
624,Marjamaa,EE,58.9039,24.4306,28.38,82,100,9.22,overcast clouds
625,Bognor Regis,GB,50.7821,-0.6798,38.08,88,98,30.8,moderate rain
626,Vanavara,RU,60.34,102.2797,-4.36,96,67,7.65,broken clouds
627,Jalingo,NG,8.8833,11.3667,75.63,23,38,3.09,scattered clouds
628,Deputatskiy,RU,69.3,139.9,-21.35,88,93,1.79,overcast clouds
629,Severnyy,RU,50.677,36.5532,28.44,100,90,11.18,mist
630,Hovd,MN,48.0056,91.6419,19.67,66,73,3.06,broken clouds
631,San Quintin,MX,30.4833,-115.95,65.26,43,0,4.23,clear sky
632,Te Anau,NZ,-45.4167,167.7167,53.78,60,100,1.7,overcast clouds
633,Pisco,PE,-13.7,-76.2167,64.45,88,0,12.66,clear sky
634,Atlantic City,US,39.3643,-74.4229,39.38,45,40,17.27,scattered clouds
635,Veinticinco De Mayo,AR,-35.4323,-60.1727,68.7,56,0,13.53,clear sky
636,Dwarka,IN,22.2394,68.9678,75.63,63,7,6.46,clear sky
637,Dingli,MT,35.8614,14.3822,60.96,67,0,12.66,clear sky
638,Ust-Kut,RU,56.7938,105.7672,6.4,93,100,4.52,overcast clouds
639,Katangli,RU,51.7102,143.2326,28.47,80,39,15.08,scattered clouds
640,Pahrump,US,36.2083,-115.9839,57.25,15,100,1.61,overcast clouds
641,Jalu,LY,29.0331,21.5482,63.61,67,2,6.62,clear sky
642,Teknaf,BD,20.8624,92.3058,71.53,60,0,5.88,clear sky
643,Cabra,ES,37.4725,-4.4421,38.64,80,62,3.83,broken clouds
644,Minudasht,IR,37.2289,55.3747,51.15,61,3,1.63,clear sky
645,Saurimo,AO,-9.6608,20.3916,62.38,98,98,1.36,overcast clouds
646,Mosquera,CO,4.7059,-74.2302,53.69,94,40,0.0,scattered clouds
647,Longhua,CN,23.6137,114.1919,68.86,36,30,4.74,scattered clouds
648,Northam,GB,51.0333,-4.2167,40.62,76,97,43.08,overcast clouds
649,Kulu,TR,39.0951,33.0799,47.5,73,100,9.48,overcast clouds
650,Samana,DO,19.2056,-69.3369,75.2,75,35,7.58,scattered clouds
651,Jumla,NP,29.2747,82.1838,41.16,41,0,3.24,clear sky
652,Kjollefjord,NO,70.9457,27.3465,22.51,69,94,14.83,overcast clouds
653,Yangjiang,CN,21.85,111.9667,70.39,40,98,10.45,overcast clouds
654,Horki,BY,54.2861,30.9842,35.11,95,100,14.41,overcast clouds
655,Cupira,BR,-8.6167,-35.95,70.34,98,31,3.89,scattered clouds
656,Gayeri,BF,12.6497,0.4931,76.73,21,8,8.5,clear sky
657,Guaranda,EC,-1.6,-79.0,53.65,98,98,1.79,overcast clouds
658,Livingstone,ZM,-17.8419,25.8543,67.26,75,48,5.37,scattered clouds
659,Papillion,US,41.1544,-96.0422,48.85,49,1,0.0,clear sky
660,Nushki,PK,29.5542,66.0215,44.28,50,0,1.19,clear sky
661,Aktau,KZ,43.65,51.2,37.98,54,100,18.86,overcast clouds
662,Jizan,SA,17.3333,42.6667,79.74,73,0,0.94,clear sky
663,Ergani,TR,38.2653,39.7621,43.52,84,100,1.16,overcast clouds
664,Caluquembe,AO,-13.7833,14.6833,60.12,80,87,2.62,overcast clouds
665,Heihe,CN,50.2441,127.4902,14.58,82,39,6.93,scattered clouds
666,Banswada,IN,18.3833,77.8833,68.16,74,97,3.4,overcast clouds
667,Margate,GB,51.3813,1.3862,37.11,93,91,20.62,light rain
668,Zverinogolovskoye,RU,54.4586,64.8542,23.47,91,40,16.46,scattered clouds
669,Chiredzi,ZW,-21.05,31.6667,66.78,75,52,5.32,broken clouds
670,Tual,ID,-5.6667,132.75,83.55,75,100,9.69,overcast clouds
671,Santa Cruz,BO,-17.8,-63.1667,72.86,94,90,4.61,moderate rain
672,Chapais,CA,49.7834,-74.8492,20.98,91,100,12.08,overcast clouds
673,Roblin,CA,51.23,-101.3565,26.19,93,100,6.96,overcast clouds
674,Saint-Joseph,RE,-21.3667,55.6167,73.78,86,38,7.45,light rain
675,Ilabaya,PE,-17.4208,-70.5133,65.41,66,100,3.89,overcast clouds
676,Anadyr,RU,64.75,177.4833,-1.7,65,20,6.71,fog
677,Manokwari,ID,-0.8667,134.0833,84.56,67,89,5.37,overcast clouds
678,Hervey Bay,AU,-25.2986,152.8535,84.31,75,100,6.38,overcast clouds
679,Brownwood,US,31.7093,-98.9912,51.12,42,1,5.75,clear sky
680,Lovozero,RU,68.005,35.0117,8.87,94,100,6.6,overcast clouds
681,Waconia,US,44.8508,-93.7869,34.45,53,100,7.85,overcast clouds
682,Demba,CD,-5.51,22.2667,64.63,99,98,1.3,overcast clouds
683,Manzanillo,CU,20.3433,-77.1167,70.41,75,24,7.85,few clouds
684,Zhicheng,CN,30.2956,111.5047,57.61,42,4,4.03,clear sky
685,Loukhi,RU,66.0764,33.0381,9.19,97,89,4.21,overcast clouds
686,Lagos,NG,6.5833,3.75,80.92,92,99,2.24,overcast clouds
687,Ostrovnoy,RU,68.0531,39.5131,24.06,72,100,11.43,light snow
688,Lebanon,US,36.2081,-86.2911,33.58,74,20,0.0,few clouds
689,San Andres,CO,12.5847,-81.7006,82.42,78,40,9.22,scattered clouds
690,Ixtapa,MX,20.7,-105.2,70.43,83,89,2.51,overcast clouds
691,Joao Pinheiro,BR,-17.7425,-46.1725,72.16,72,100,5.53,overcast clouds
692,Cockburn Town,TC,21.4612,-71.1419,78.76,65,75,5.75,broken clouds
693,Bloemfontein,ZA,-29.1211,26.214,58.48,82,100,16.11,overcast clouds
694,Orotukan,RU,62.2667,151.7,-24.47,96,6,2.46,clear sky
695,Prainha,BR,-1.8,-53.48,79.86,73,94,2.1,overcast clouds
696,Bystryy Istok,RU,52.371,84.3873,12.27,79,100,4.61,overcast clouds
697,Porto Santo,PT,33.072,-16.3415,62.51,82,75,21.85,broken clouds
